QU,RE,CI,GE,GE
QU,CI,CR,CI,CO
CI,QU,PL,PL,CR
SI,GE,CR,CI,E
PL,PL,CR,CO,PL
CO,QU,CI,CR,PL
SI,E,S,CR,CR
CI,CI,CR,CO,PL
CI,SI,CI,CR,CI
CI,PL,CR,CO,CO
CR,S,PL,GE,CI
GE,CI,E,E,RE
PL,CR,CR,CI,CR
GE,CO,CI,CO,GE
CI,CR,PL,CR,GE
CO,CI,CI,PL,PL
GE,W,GE,PL,GE
CI,PL,PL,CI,E
PL,GE,E,CI,CI
QU,PL,GE,CR,PL
CI,RE,PL,CO,PL
CI,CR,GE,SI,CI
RE,CI,CR,CR,GE
CI,CI,CI,PL,CR
CI,E,CR,CO,RE
S,SI,PL,CO,CR
CR,GE,E,CI,CO
GE,CI,CI,PL,PL
CO,PL,PL,RE,CO
GE,PL,GE,CI,QU
CI,GE,PL,CO,CR
SI,GE,CI,CO,PL
CO,GE,CI,RE,CI
RE,CO,CR,CR,CO
CR,RE,CI,CO,GE
GE,CO,E,QU,QU
CR,CO,PL,CO,GE
CR,GE,W,CI,QU
RE,CR,PL,CI,CO
GE,CO,PL,GE,PL
CR,GE,CR,CI,E
RE,CO,CI,PL,QU
GE,RE,PL,CO,GE
E,CO,CI,W,CO
QU,CR,GE,PL,CR
CO,PL,CI,RE,CI
CO,PL,W,PL,QU
PL,W,PL,PL,CI
PL,SI,PL,CI,CR
CI,QU,PL,PL,PL
CI,GE,CR,CO,SI
CR,CI,CI,CR,CO
CI,CI,S,CR,RE
GE,GE,CI,RE,CO
CI,CI,CR,CO,CI
W,QU,GE,PL,E
GE,CI,CI,GE,CI
PL,CI,CR,GE,CI
QU,GE,CI,CI,CR
GE,GE,CI,GE,CO
GE,W,CI,RE,QU
CI,CI,GE,CR,RE
CI,SI,PL,QU,CR
PL,CR,S,GE,SI
GE,CI,W,RE,CO
PL,RE,CR,W,PL
RE,GE,E,CI,PL
CI,RE,CI,PL,RE
CI,CI,GE,CO,CO
CI,CI,PL,GE,RE
PL,CO,PL,CO,GE
CI,GE,PL,CI,CI
CI,RE,GE,CI,CI
PL,PL,CR,PL,GE
CO,PL,PL,E,CR
CO,RE,CI,GE,PL
RE,CR,CI,W,CI
CR,E,CI,RE,RE
GE,PL,CI,CR,QU
CO,CO,CI,RE,GE
QU,CO,PL,QU,CO
QU,CR,GE,CR,CI
PL,CO,GE,QU,PL
CR,GE,GE,CI,PL
S,CR,CI,CO,GE
RE,GE,CI,QU,RE
CO,CO,CR,QU,CI
CR,CR,GE,GE,GE
QU,CI,GE,RE,PL
CI,GE,CI,CR,PL
CR,W,CR,CO,PL
PL,RE,W,CO,GE
PL,GE,GE,CI,CO
CI,PL,CI,CR,PL
GE,GE,PL,PL,CO
CR,GE,CR,PL,CI
CI,RE,GE,CI,GE
QU,PL,W,CR,GE
CR,SI,CR,CI,S
W,CI,CI,W,CI
CO,PL,CI,S,CI
CI,SI,CI,PL,E
GE,CR,GE,CR,CR
W,RE,GE,CR,CO
RE,CO,CI,QU,GE
PL,CR,CR,CR,GE
RE,PL,PL,CO,CO
PL,E,E,CI,PL
CR,CI,GE,CO,PL
CO,CR,GE,GE,CO
CR,CR,CI,RE,CI
CO,QU,PL,GE,CO
PL,CO,GE,CI,PL
CR,W,GE,CR,CI
GE,CO,CI,GE,PL
CO,PL,GE,CI,CR
CI,GE,CR,PL,CR
PL,CO,PL,SI,CI
CI,CO,PL,CO,SI
PL,GE,GE,CI,PL
CR,CR,PL,GE,CO
CR,PL,CR,S,CI
E,PL,CR,E,QU
CI,PL,CI,CI,CI
GE,SI,CI,GE,CI
GE,RE,CI,GE,PL
CO,CR,PL,CO,GE
CO,QU,E,CR,CR
CI,GE,GE,SI,CO
RE,CO,CR,PL,RE
RE,GE,PL,RE,GE
CO,GE,PL,CI,RE
PL,E,GE,CI,CI
PL,RE,CR,CR,GE
PL,CO,CI,CO,CR
CI,CI,GE,SI,RE
GE,PL,CR,GE,CI
CI,CR,CI,PL,E
E,CI,CR,CR,QU
GE,W,E,W,CI
PL,CR,CR,CO,CR
PL,CR,CR,GE,PL
PL,PL,E,RE,CR
PL,W,CI,CR,PL
PL,CO,PL,CO,RE
CR,PL,PL,CR,CI
PL,QU,CI,RE,CI
PL,QU,CI,GE,GE
CO,CO,CR,CR,QU
PL,GE,GE,GE,CI
