E,GE,PL,PL,CO
CO,CR,GE,GE,CO
CO,CI,CI,CO,GE
QU,PL,CR,CR,S
PL,CI,CI,CI,GE
PL,PL,E,GE,CI
GE,CI,PL,CI,PL
S,CR,CR,CI,CO
CI,PL,CR,CI,QU
QU,S,CI,CR,GE
CI,PL,E,CI,CR
S,GE,GE,PL,CI
QU,CO,CR,CI,GE
CI,PL,CI,CR,QU
GE,GE,PL,CI,CR
QU,GE,CI,CO,CO
PL,PL,CI,RE,PL
E,PL,CR,CI,CR
GE,CR,CR,CR,CI
RE,CI,CI,CR,GE
CO,PL,CR,W,PL
RE,CO,GE,CO,PL
E,RE,PL,GE,QU
GE,PL,CR,CR,CI
RE,GE,CR,S,CI
CI,PL,CR,CI,CO
GE,CR,PL,CI,CR
CR,PL,PL,CI,CI
QU,QU,CR,CR,E
CR,RE,PL,GE,PL
CI,CI,CI,CO,GE
CR,CR,CR,SI,PL
W,CO,GE,PL,CI
RE,PL,PL,PL,RE
CI,CR,CR,QU,GE
CR,PL,CR,CI,CO
CR,W,E,CO,W
CR,CR,E,CI,CR
GE,CO,CR,GE,PL
CI,GE,CR,CR,CR
CR,E,CR,CO,CR
CI,E,PL,GE,GE
CR,E,GE,CI,CI
CR,CR,CR,PL,CI
CO,PL,CR,CR,CI
CR,PL,PL,W,PL
W,CR,CR,SI,CR
PL,CI,CR,CR,PL
CI,S,CI,CO,CR
CI,GE,CR,GE,QU
CI,RE,PL,QU,CO
QU,CI,CI,CI,PL
GE,PL,E,CO,QU
E,GE,GE,E,RE
PL,CO,CI,S,S
CR,CR,CR,PL,PL
CR,E,CR,PL,CO
CO,CR,CI,GE,GE
GE,CR,E,CI,CR
QU,E,CI,CI,CI
GE,S,PL,CR,CI
CO,PL,E,QU,GE
CR,QU,PL,CR,PL
CO,GE,PL,CO,RE
QU,CI,GE,GE,CI
CI,CI,E,GE,SI
CI,CI,E,PL,PL
RE,CI,W,CI,PL
GE,PL,GE,GE,GE
GE,CR,E,GE,PL
PL,SI,GE,E,CI
QU,GE,GE,PL,E
GE,CO,CR,CR,CO
CR,PL,CI,RE,CR
PL,E,CR,CI,CR
CR,GE,CI,PL,CR
CI,PL,CR,W,CR
CI,CI,GE,GE,PL
QU,GE,GE,GE,GE
PL,CR,CR,CO,RE
GE,CR,GE,PL,CI
CO,W,E,CR,PL
CR,GE,CR,CI,PL
GE,CR,CR,PL,CR
W,GE,CI,CR,PL
CR,GE,CR,GE,CR
CI,PL,CI,CO,E
CI,CI,PL,CI,GE
CR,CO,GE,SI,GE
GE,CO,CR,CI,E
E,GE,PL,GE,CI
CR,CI,CR,RE,CI
CR,GE,PL,E,PL
PL,GE,GE,GE,QU
W,CR,CR,CI,GE
GE,E,PL,CI,GE
GE,CO,E,GE,E
CR,SI,CR,CI,PL
PL,RE,CR,QU,E
PL,RE,CI,RE,CO
CO,E,CI,CR,CO
CI,E,CI,RE,QU
PL,CI,W,GE,GE
CI,GE,CI,PL,CI
CR,CO,PL,S,PL
CO,GE,CR,CI,E
W,CI,PL,CR,PL
GE,RE,CR,CI,W
CR,CO,CR,CR,PL
PL,PL,E,S,CO
PL,CI,GE,CO,QU
E,E,GE,QU,GE
CI,CO,GE,PL,E
PL,E,GE,CI,CO
PL,CI,PL,PL,SI
CO,CR,GE,CR,GE
CR,E,PL,CI,QU
SI,RE,PL,CR,PL
GE,QU,PL,QU,CI
QU,CR,CR,CO,PL
CO,E,E,CR,CI
CR,PL,CR,S,E
CR,RE,CR,PL,CR
GE,CO,PL,RE,PL
PL,E,GE,RE,PL
CI,PL,PL,S,PL
PL,CR,GE,CI,PL
GE,CI,CR,PL,PL
QU,CI,CI,CR,CO
CR,CI,CI,CR,RE
GE,QU,PL,CR,GE
CO,CO,CI,PL,PL
RE,GE,CI,PL,CI
CO,E,GE,PL,CR
QU,W,CI,CO,GE
SI,E,CI,GE,QU
CR,CO,CI,W,GE
E,CR,CI,CO,CI
CO,PL,CR,SI,CO
CI,PL,PL,PL,CI
GE,E,CR,CO,CO
PL,E,CR,SI,PL
CO,QU,PL,GE,RE
CR,SI,CI,CR,CI
GE,CI,CR,QU,CI
GE,RE,CR,GE,GE
CR,GE,PL,PL,GE
CR,CI,CI,CO,CO
PL,GE,GE,CR,CO
CO,PL,CI,CR,RE
