CI,CI,CO,CO,CO
CR,GE,CR,GE,GE
PL,CO,CO,CR,CO
RE,RE,GE,PL,CI
QU,CI,CR,PL,CR
SI,CO,CR,QU,CI
CI,PL,QU,PL,CI
CR,QU,CI,CI,CI
PL,GE,GE,CO,RE
CO,CI,CO,CI,QU
PL,CR,CO,CR,CR
CO,QU,PL,GE,CI
CO,CR,CR,CI,PL
CO,CR,CO,RE,CI
SI,PL,CR,CR,CR
RE,CI,CO,CR,CO
CR,CI,PL,SI,PL
CO,PL,RE,QU,SI
RE,QU,GE,CI,GE
GE,CR,QU,GE,CO
SI,PL,CO,CR,CI
CI,CO,CO,QU,CR
GE,CI,CO,PL,CO
GE,CR,PL,GE,CR
CO,PL,GE,PL,CO
CR,CR,CI,GE,RE
CI,GE,GE,GE,CO
CR,CI,CI,QU,GE
CR,PL,GE,CR,CR
CR,CI,CO,CI,E
SI,CI,CO,CI,GE
RE,RE,CO,CR,PL
RE,PL,CO,SI,PL
GE,CI,CI,SI,CI
CR,PL,QU,CI,PL
CI,RE,CO,CO,GE
E,GE,CI,PL,CI
RE,CI,CI,CO,CR
PL,CO,PL,CI,CR
CR,CO,CI,CR,CR
CI,CI,RE,RE,CI
PL,CI,RE,SI,RE
CR,CR,RE,PL,CI
CR,GE,CO,PL,CI
PL,PL,PL,CO,QU
RE,CR,QU,PL,E
PL,GE,CO,CI,PL
CO,CR,GE,CO,CO
CR,CR,CR,RE,CO
CI,CO,PL,W,SI
RE,CR,SI,CO,CI
CR,PL,CO,GE,CR
CR,CO,CI,CO,CR
CR,PL,QU,RE,CI
GE,CR,QU,CR,PL
GE,PL,CR,CO,CI
CR,CI,PL,CI,CI
GE,GE,QU,GE,CO
CI,RE,CR,GE,PL
RE,GE,PL,RE,GE
PL,GE,PL,CR,CR
CI,CR,QU,GE,CR
CO,CO,CR,PL,RE
CR,CI,CO,CI,PL
RE,CO,CI,CI,E
CR,QU,RE,GE,CI
QU,CI,PL,CI,GE
QU,GE,RE,GE,GE
CI,CR,PL,CI,GE
GE,CO,PL,CR,CI
PL,CO,CO,E,CI
CO,PL,RE,PL,QU
RE,RE,PL,GE,GE
PL,SI,CO,CI,CR
RE,PL,CI,CO,QU
CI,CO,QU,CO,CR
GE,RE,QU,GE,CI
E,CO,GE,CR,CR
CR,E,CI,RE,CR
PL,CO,RE,CO,CI
CR,CR,PL,CI,CI
PL,GE,QU,GE,CO
CR,PL,PL,PL,CR
E,GE,RE,PL,GE
CR,GE,GE,CO,PL
CO,GE,PL,PL,PL
GE,CI,GE,E,CR
W,PL,CO,QU,PL
CI,PL,PL,PL,GE
PL,SI,CI,W,CI
GE,PL,RE,GE,PL
CI,GE,CO,QU,CR
GE,CI,RE,CI,GE
PL,GE,CR,CI,PL
CO,PL,GE,SI,CR
GE,CI,CO,CO,PL
QU,PL,RE,CI,CI
PL,RE,CR,QU,CI
RE,CO,GE,GE,PL
CO,CR,SI,CO,PL
QU,QU,GE,PL,PL
CI,GE,SI,CO,PL
RE,CI,PL,SI,SI
CI,CO,GE,CR,GE
PL,PL,CI,CI,CO
CR,PL,SI,PL,GE
CI,CI,CO,RE,PL
CR,CI,CO,GE,CR
PL,CO,SI,CI,CI
CO,CR,CR,GE,CI
CO,PL,RE,CR,CR
GE,CR,QU,GE,CO
CR,CI,RE,E,CR
CI,GE,CI,CR,CI
CO,CO,CI,GE,CI
GE,CR,RE,GE,GE
CI,E,CI,CI,PL
RE,PL,RE,CO,CI
CI,CO,RE,CO,RE
SI,CR,RE,PL,GE
CR,CO,PL,CR,PL
PL,CO,RE,CI,CR
CO,CI,RE,PL,CO
PL,CI,CR,CI,CI
PL,PL,SI,GE,CI
CR,CR,CO,CI,QU
PL,GE,PL,PL,E
PL,CI,CI,PL,PL
CR,GE,RE,CO,CO
CO,QU,GE,GE,PL
PL,CI,CR,GE,GE
CI,QU,CO,CR,CI
CR,PL,GE,CI,PL
CI,PL,QU,CI,CR
CR,CR,QU,GE,CI
CR,CI,PL,CR,GE
CO,PL,CO,CO,CO
GE,RE,RE,GE,GE
CI,CO,CI,RE,QU
CI,RE,CR,CR,GE
GE,PL,QU,CI,CO
GE,CI,RE,PL,PL
CO,CR,CI,PL,CO
CR,RE,RE,PL,CR
W,CI,QU,CI,CO
QU,QU,CI,PL,GE
SI,QU,RE,CO,RE
PL,QU,CO,CO,CR
PL,SI,PL,PL,CR
RE,CI,CO,CI,PL
